{"current":{"customer_layout":"theme","global_heading_font_color":"#333333","bg_color":"#573e3e","page_bg_color":"#ada8a8","primary_border":"#e8e8e8","global_button_color":"#211f1f","global_button_color_hover":"#383535","global_button_font_color":"#ffffff","input_border":"#dedede","input_text":"#777777","input_hint_color":"#777777","header_color":"#777777","header_link_hover":"#333333","header_link_underline":"#b5b5b5","header_link_underline_hover":"#545454","navigation_active_color":"#333333","navigation_dropdown_bg_color":"#211f1f","navigation_dropdown_background_hover":"#0b0a0a","navigation_dropdown_link_color":"#ffffff","navigation_dropdown_link_hover_color":"#ffffff","global_text_font_color":"#333333","global_text_highlight_color":"#9abcca","global_blockquote_color":"#999999","global_blockquote_border_color":"#e2e2e2","global_table_background_color":"#fafafa","global_table_border_color":"#b9b9b9","global_link_color":"#211f1f","global_hover_color":"#333333","price_color":"#807777","sale_price_color":"#d14141","sale_rondel_color":"#d14141","sold_out_rondel_color":"#555555","prod_thumbnail_background":"#ffffff","global_small_link_color":"#807777","global_small_hover_color":"#807777","pagination_bg_hover_color":"#f5f5f5","pagination_border_hover_color":"#cccccc","global_search_highlight_color":"#9abcca","comments_quote":"#e2e2e2","sub_footer_text":"#807777","sub_footer_link":"#807777","sub_footer_link_hover":"#5c5757","social_twitter":"https:\/\/twitter.com\/TheLovingPaw","social_facebook":"https:\/\/www.facebook.com\/TheLovingPaw","social_tumblr":"","social_instagram":"https:\/\/instagram.com\/thelovingpaw","social_pinterest":"https:\/\/www.pinterest.com\/thelovingpaw","social_youtube":"http:\/\/www.youtube.com\/channel\/UC9GXnRmGntkflVbMTFZggJA","social_vimeo":"","contact_module_email":"info@thelovingpaw.com","contact_module_phone":"","contact_module_fax":"","slide_1_alt":"Our Logo","slide_1_caption":"","slide_1_link":"","slide_2_alt":"Athletes For Animals","slide_2_caption":"","slide_2_link":"http:\/\/www.athletesforanimals","slide_3_alt":"Our shop","slide_3_caption":"","slide_3_link":"\/collections","slide_4_alt":"Arizona Humane Society","slide_4_caption":"","slide_4_link":"http:\/\/www.azhumane.org","slide_5_alt":"","slide_5_caption":"","slide_5_link":"","slide_6_alt":"","slide_6_caption":"","slide_6_link":"","twittercard_handle":"@TheLovingPaw","shipping_calculator_default_country":"Canada","supported_currencies":"CAD USD","checkout_banner_background_color":"#ffffff","checkout_headline":"","checkout_accent_color":"#2a9dcc","checkout_button_color":"#2a9dcc","checkout_call_to_action_color":"#8fc243","about_module_text":"The Loving Paw is an organization with a passion for the proper treatment of animals.  A portion of all proceeds go to the Athletes for Animals Organization.","contact_module_address":"555 Somewhere St.\r\nSomewhere, AZ\r\n85555","mailchimp_form_action":"#","mailing_list_tagline":"","comments_error_message":"","repeat_bg":"repeat","bg_pos":"center top","type_base_family":"'HelveticaNeue', 'Helvetica Neue', Helvetica, Arial, sans-serif","type_header_family":"Google_Raleway_600_sans","type_navigation_family":"Google_Raleway_600_sans","type_accent_family":"'HelveticaNeue', 'Helvetica Neue', Helvetica, Arial, sans-serif","search_ppp":"10","slider_home_rate":"7000","product_list_limit":"4","fp_blog_limit":"2","prod_desc_placement":"below","products_per_row":"4","collection_ppp":"8","page_blog_limit":"4","blog_app":"10","article_cpp":"10","social_sharing_style":"is-clean","currency_format":"money_format","checkout_logo":"","use_bg_image":true,"bg_fixed":false,"bg_stretched":false,"page_bg_transparent":true,"prod_thumbnail_background_transparent":true,"type_header_transform":false,"use_logo":false,"search_products_only":false,"show_about_module":true,"show_contact_module":true,"show_mailing_list_module":false,"show_payment_options":true,"slider_home_enable":true,"slider_home_auto":true,"slide_1":true,"slide_2":true,"slide_3":true,"slide_4":true,"slide_5":false,"slide_6":false,"show_welcome_text":true,"show_featured_products":true,"show_product_list":false,"hide_view_collection_link":false,"show_collection_list":false,"show_blog":true,"show_browse":true,"show_bb_vendor":false,"show_bb_category":true,"show_link_list_1":true,"show_link_list_2":false,"show_vendor":true,"show_qty":true,"notify_me_form":true,"show_related_products":true,"show_sale_rondel":true,"show_sold_out_rondel":true,"show_buy_medallion":true,"show_bbt":true,"show_sb":true,"show_page_blog":false,"social_sharing_products":true,"social_sharing_blog":true,"social_sharing_count":true,"share_facebook":true,"share_twitter":true,"share_pinterest":true,"share_fancy":true,"share_google":true,"show_cart_notes":true,"show_shipping_calculator":true,"show_multiple_currencies":false,"checkout_use_header_image":false,"logo_alignment":"center","featured_products_limit":"3","social_rss":"","welcome_text_page":"text-below-slider-example","featured_products_collection":"adopt-collection","product_list_collection":"frontpage","collection_list_ll":"store","fp_blog":"the-loving-paw","fp_link_list_1":"affiliates","fp_link_list_2":"","ll_collections":"","page_blog":"news","extra_featured_products":"frontpage","accent_font":"Georgia, Utopia, 'Times New Roman', Times, serif","headings_font":"'Helvetica Neue', Helvetica, Arial, sans-serif","logo_font":"'Helvetica Neue', Helvetica, Arial, sans-serif","nav_font":"'Helvetica Neue', Helvetica, Arial, sans-serif","sale_rondel_text":"Sale","sb_label":"Sort by","search_title":"Search","slide_1_img":"slide_1.jpg","slide_2_img":"slide_2.jpg","sold_out_rondel_text":"Sold Out","text_font":"'Helvetica Neue', Helvetica, Arial, sans-serif"},"presets":{"White":{"about_module_text":"","accent_font":"Georgia, Utopia, 'Times New Roman', Times, serif","article_cpp":"10","bg_color":"#ffffff","bg_fixed":false,"bg_pos":"center top","bg_stretched":false,"blog_app":"10","collection_list_ll":"","collection_ppp":"8","comments_quote":"#e2e2e2","contact_module_address":"","contact_module_email":"","contact_module_fax":"","contact_module_phone":"","currency_format":"money_format","customer_layout":"theme","extra_featured_products":"frontpage","featured_products_collection":"frontpage","featured_products_limit":"4","fp_blog":"news","fp_blog_limit":"1","fp_link_list_1":"","fp_link_list_2":"","global_blockquote_border_color":"#e2e2e2","global_blockquote_color":"#999999","global_button_color":"#211f1f","global_button_color_hover":"#383535","global_button_font_color":"#ffffff","global_heading_font_color":"#333333","global_hover_color":"#333333","global_link_color":"#211f1f","global_search_highlight_color":"#9abcca","global_small_hover_color":"#807777","global_small_link_color":"#807777","global_table_background_color":"#fafafa","global_table_border_color":"#b9b9b9","global_text_font_color":"#333333","global_text_highlight_color":"#9abcca","header_color":"#777777","header_link_hover":"#333333","header_link_underline":"#b5b5b5","header_link_underline_hover":"#545454","headings_font":"'Helvetica Neue', Helvetica, Arial, sans-serif","hide_view_collection_link":false,"input_border":"#dedede","input_hint_color":"#777777","input_text":"#777777","ll_collections":"","logo_alignment":"center","logo_font":"'Helvetica Neue', Helvetica, Arial, sans-serif","mailchimp_form_action":"#","mailing_list_tagline":"","nav_font":"'Helvetica Neue', Helvetica, Arial, sans-serif","navigation_active_color":"#333333","navigation_dropdown_background_hover":"#0b0a0a","navigation_dropdown_bg_color":"#211f1f","navigation_dropdown_link_color":"#ffffff","navigation_dropdown_link_hover_color":"#ffffff","notify_me_form":false,"page_bg_color":"#ffffff","page_bg_transparent":true,"page_blog":"news","page_blog_limit":"4","pagination_bg_hover_color":"#f5f5f5","pagination_border_hover_color":"#cccccc","price_color":"#807777","primary_border":"#e8e8e8","prod_desc_placement":"below","prod_thumbnail_background":"#ffffff","prod_thumbnail_background_transparent":true,"product_list_collection":"frontpage","product_list_limit":"4","products_per_row":"4","repeat_bg":"repeat","sale_price_color":"#d14141","sale_rondel_color":"#d14141","sale_rondel_text":"Sale","sb_label":"Sort by","search_ppp":"10","search_products_only":false,"search_title":"Search","share_facebook":true,"share_fancy":true,"share_google":true,"share_pinterest":true,"share_twitter":true,"shipping_calculator_default_country":"Canada","show_about_module":true,"show_bb_category":true,"show_bb_vendor":true,"show_bbt":true,"show_blog":true,"show_browse":true,"show_buy_medallion":true,"show_cart_notes":true,"show_collection_list":true,"show_contact_module":true,"show_featured_products":true,"show_link_list_1":false,"show_link_list_2":false,"show_mailing_list_module":true,"show_multiple_currencies":false,"show_page_blog":true,"show_payment_options":true,"show_product_list":false,"show_qty":true,"show_related_products":true,"show_sale_rondel":true,"show_sb":true,"show_shipping_calculator":true,"show_sold_out_rondel":true,"show_vendor":true,"show_welcome_text":false,"slide_1":true,"slide_1_img":"slide_1.jpg","slide_1_link":"\/admin\/themes\/current\/settings","slide_2":true,"slide_2_img":"slide_2.jpg","slide_2_link":"\/admin\/themes\/current\/settings","slide_3":false,"slide_3_link":"","slide_4":false,"slide_4_link":"","slide_5":false,"slide_5_link":"","slide_6":false,"slide_6_link":"","slider_home_auto":true,"slider_home_enable":true,"slider_home_rate":"7000","social_facebook":"https:\/\/www.facebook.com\/shopify","social_instagram":"https:\/\/instagram.com\/shopify","social_pinterest":"https:\/\/pinterest.com\/shopify","social_rss":"news","social_sharing_blog":true,"social_sharing_count":true,"social_sharing_products":true,"social_sharing_style":"is-clean","social_tumblr":"https:\/\/www.tumblr.com","social_twitter":"https:\/\/twitter.com\/shopify","social_vimeo":"https:\/\/vimeo.com\/shopify","social_youtube":"https:\/\/www.youtube.com\/shopify","sold_out_rondel_color":"#555555","sold_out_rondel_text":"Sold Out","sub_footer_link":"#807777","sub_footer_link_hover":"#5c5757","sub_footer_text":"#807777","supported_currencies":"CAD USD","text_font":"'Helvetica Neue', Helvetica, Arial, sans-serif","twittercard_handle":"@","type_accent_family":"'HelveticaNeue', 'Helvetica Neue', Helvetica, Arial, sans-serif","type_base_family":"'HelveticaNeue', 'Helvetica Neue', Helvetica, Arial, sans-serif","type_header_family":"Google_Raleway_600_sans","type_header_transform":false,"type_navigation_family":"Google_Raleway_600_sans","use_bg_image":false,"use_logo":false,"welcome_text_page":"frontpage"},"Dark":{"about_module_text":"","accent_font":"Georgia, Utopia, 'Times New Roman', Times, serif","article_cpp":"10","bg_color":"#161616","bg_fixed":false,"bg_pos":"center top","bg_stretched":false,"blog_app":"10","collection_list_ll":"","collection_ppp":"8","comments_quote":"#e2e2e2","contact_module_address":"","contact_module_email":"","contact_module_fax":"","contact_module_phone":"","currency_format":"money_format","customer_layout":"theme","extra_featured_products":"frontpage","featured_products_collection":"frontpage","featured_products_limit":"4","fp_blog":"news","fp_blog_limit":"1","fp_link_list_1":"","fp_link_list_2":"","global_blockquote_border_color":"#e2e2e2","global_blockquote_color":"#999999","global_button_color":"#333333","global_button_color_hover":"#555555","global_button_font_color":"#ffffff","global_heading_font_color":"#c2c2c2","global_hover_color":"#cccccc","global_link_color":"#c2c2c2","global_search_highlight_color":"#9abcca","global_small_hover_color":"#777777","global_small_link_color":"#777777","global_table_background_color":"#fafafa","global_table_border_color":"#b9b9b9","global_text_font_color":"#777777","global_text_highlight_color":"#9abcca","header_color":"#c2c2c2","header_link_hover":"#c2c2c2","header_link_underline":"#474747","header_link_underline_hover":"#474747","headings_font":"'Helvetica Neue', Helvetica, Arial, sans-serif","hide_view_collection_link":false,"input_border":"#3b3b3b","input_hint_color":"#c2c2c2","input_text":"#c2c2c2","ll_collections":"","logo_alignment":"4","logo_font":"'Helvetica Neue', Helvetica, Arial, sans-serif","mailchimp_form_action":"#","mailing_list_tagline":"","nav_font":"'Helvetica Neue', Helvetica, Arial, sans-serif","navigation_active_color":"#333333","navigation_dropdown_background_hover":"#2b2b2b","navigation_dropdown_bg_color":"#333333","navigation_dropdown_link_color":"#ffffff","navigation_dropdown_link_hover_color":"#ffffff","notify_me_form":false,"page_bg_color":"#ffffff","page_bg_transparent":true,"page_blog":"news","page_blog_limit":"4","pagination_bg_hover_color":"#3d3d3d","pagination_border_hover_color":"#787878","price_color":"#777777","primary_border":"#333333","prod_desc_placement":"below","prod_thumbnail_background":"#ffffff","prod_thumbnail_background_transparent":true,"product_img_w_to_h_ratio":"1","product_list_collection":"frontpage","product_list_limit":"4","products_per_row":"4","repeat_bg":"repeat","sale_price_color":"#e0b294","sale_rondel_color":"#333333","search_ppp":"10","search_products_only":false,"share_facebook":true,"share_fancy":true,"share_google":true,"share_pinterest":true,"share_twitter":true,"shipping_calculator_default_country":"Canada","show_about_module":true,"show_bb_category":true,"show_bb_vendor":true,"show_bbt":true,"show_blog":true,"show_browse":true,"show_buy_medallion":true,"show_cart_notes":true,"show_collection_list":true,"show_contact_module":true,"show_featured_products":true,"show_link_list_1":false,"show_link_list_2":false,"show_mailing_list_module":true,"show_multiple_currencies":false,"show_page_blog":true,"show_payment_options":true,"show_product_list":false,"show_qty":true,"show_related_products":true,"show_sale_rondel":true,"show_sb":true,"show_shipping_calculator":true,"show_sold_out_rondel":true,"show_vendor":true,"show_welcome_text":false,"slide_1":true,"slide_1_alt":"","slide_1_caption":"The only cabernets you will ever want","slide_1_img":"slide_1.jpg","slide_1_link":"\/collections\/all\/cabernet","slide_2":true,"slide_2_alt":"","slide_2_caption":"The best selection of wine in the mid west","slide_2_img":"slide_2.jpg","slide_2_link":"\/collections\/all","slide_3":false,"slide_3_alt":"","slide_3_caption":"","slide_3_link":"","slide_4":false,"slide_4_alt":"","slide_4_caption":"","slide_4_link":"","slide_5":false,"slide_5_alt":"","slide_5_caption":"","slide_5_link":"","slide_6":false,"slide_6_alt":"","slide_6_caption":"","slide_6_link":"","slider_home_auto":true,"slider_home_enable":true,"slider_home_rate":"7000","social_facebook":"https:\/\/www.facebook.com\/shopify","social_instagram":"https:\/\/instagram.com\/shopify","social_pinterest":"https:\/\/pinterest.com\/shopify","social_rss":"news","social_sharing_blog":true,"social_sharing_count":true,"social_sharing_products":true,"social_sharing_style":"is-clean","social_tumblr":"https:\/\/www.tumblr.com","social_twitter":"https:\/\/twitter.com\/shopify","social_vimeo":"https:\/\/vimeo.com\/shopify","social_youtube":"https:\/\/www.youtube.com\/shopify","sold_out_rondel_color":"#555555","sub_footer_link":"#777777","sub_footer_link_hover":"#8f8f8f","sub_footer_text":"#777777","supported_currencies":"CAD USD","text_font":"'Helvetica Neue', Helvetica, Arial, sans-serif","twittercard_handle":"@","type_accent_family":"Google_Lato_400_sans","type_base_family":"Google_Lato_400,700_sans","type_header_family":"Google_Lato_400_sans","type_header_transform":false,"type_navigation_family":"Google_Lato_400_sans","use_bg_image":false,"use_logo":false,"welcome_text_page":"frontpage"},"Sepia":{"about_module_text":"","accent_font":"Georgia, Utopia, 'Times New Roman', Times, serif","article_cpp":"10","bg_color":"#e9eae2","bg_fixed":false,"bg_pos":"center top","bg_stretched":false,"blog_app":"10","collection_list_ll":"collection-list","collection_ppp":"9","comments_quote":"#e2e2e2","contact_module_address":"","contact_module_email":"","contact_module_fax":"","contact_module_phone":"","currency_format":"money_format","customer_layout":"theme","extra_featured_products":"frontpage","featured_products_collection":"frontpage","featured_products_limit":"4","fp_blog":"news","fp_blog_limit":"1","fp_link_list_1":"","fp_link_list_2":"","global_blockquote_border_color":"#e2e2e2","global_blockquote_color":"#969688","global_button_color":"#9f775e","global_button_color_hover":"#876853","global_button_font_color":"#ffffff","global_heading_font_color":"#515554","global_hover_color":"#333333","global_link_color":"#515554","global_search_highlight_color":"#9abcca","global_small_hover_color":"#a8a897","global_small_link_color":"#96968b","global_table_background_color":"#fafafa","global_table_border_color":"#b8b8a5","global_text_font_color":"#515554","global_text_highlight_color":"#9abcca","header_color":"#6d6e68","header_link_hover":"#6d6e68","header_link_underline":"#cfd0c8","header_link_underline_hover":"#cfd0c8","headings_font":"Georgia, Utopia, 'Times New Roman', Times, serif","hide_view_collection_link":false,"input_border":"#cfd0c8","input_hint_color":"#84857d","input_text":"#515554","ll_collections":"","logo_alignment":"center","logo_font":"Google_Droid+Serif_400_serif","mailchimp_form_action":"#","mailing_list_tagline":"","nav_font":"'Helvetica Neue', Helvetica, Arial, sans-serif","navigation_active_color":"#333333","navigation_dropdown_background_hover":"#424645","navigation_dropdown_bg_color":"#515554","navigation_dropdown_link_color":"#ffffff","navigation_dropdown_link_hover_color":"#ffffff","notify_me_form":false,"page_bg_color":"#ffffff","page_bg_transparent":true,"page_blog":"news","page_blog_limit":"4","pagination_bg_hover_color":"#ddded5","pagination_border_hover_color":"#cfd0c8","price_color":"#aa8553","primary_border":"#cfd0c8","prod_desc_placement":"below","prod_thumbnail_background":"#ffffff","prod_thumbnail_background_transparent":true,"product_img_w_to_h_ratio":"1","product_list_collection":"frontpage","product_list_limit":"4","products_per_row":"4","repeat_bg":"repeat","sale_price_color":"#fe362c","sale_rondel_color":"#ff2419","search_ppp":"10","search_products_only":false,"share_facebook":true,"share_fancy":true,"share_google":true,"share_pinterest":true,"share_twitter":true,"shipping_calculator_default_country":"Canada","show_about_module":true,"show_bb_category":true,"show_bb_vendor":true,"show_bbt":true,"show_blog":false,"show_browse":true,"show_buy_medallion":true,"show_cart_notes":true,"show_collection_list":false,"show_contact_module":true,"show_featured_products":true,"show_link_list_1":false,"show_link_list_2":false,"show_mailing_list_module":true,"show_multiple_currencies":false,"show_page_blog":true,"show_payment_options":true,"show_product_list":false,"show_qty":true,"show_related_products":true,"show_sale_rondel":true,"show_sb":true,"show_shipping_calculator":true,"show_sold_out_rondel":true,"show_vendor":true,"show_welcome_text":true,"slide_1":true,"slide_1_alt":"","slide_1_caption":"View the best of Din Din Shop","slide_1_img":"slide_1.jpg","slide_1_link":"\/collections\/all","slide_2":true,"slide_2_alt":"","slide_2_caption":"The perfect fit for your tea","slide_2_img":"slide_2.jpg","slide_2_link":"\/collections\/all","slide_3":false,"slide_3_alt":"","slide_3_caption":"","slide_3_link":"","slide_4":false,"slide_4_alt":"","slide_4_caption":"","slide_4_link":"","slide_5":false,"slide_5_alt":"","slide_5_caption":"","slide_5_link":"","slide_6":false,"slide_6_alt":"","slide_6_caption":"","slide_6_link":"","slider_home_auto":true,"slider_home_enable":true,"slider_home_rate":"7000","social_facebook":"https:\/\/www.facebook.com\/shopify","social_instagram":"https:\/\/instagram.com\/shopify","social_pinterest":"https:\/\/pinterest.com\/shopify","social_rss":"news","social_sharing_blog":true,"social_sharing_count":true,"social_sharing_products":true,"social_sharing_style":"is-clean","social_tumblr":"https:\/\/www.tumblr.com","social_twitter":"https:\/\/twitter.com\/shopify","social_vimeo":"https:\/\/vimeo.com\/shopify","social_youtube":"https:\/\/www.youtube.com\/shopify","sold_out_rondel_color":"#555555","sub_footer_link":"#6d6e68","sub_footer_link_hover":"#8d8f84","sub_footer_text":"#6d6e68","supported_currencies":"CAD USD","text_font":"'Helvetica Neue', Helvetica, Arial, sans-serif","twittercard_handle":"@","type_accent_family":"Google_Lato_400_sans","type_base_family":"Google_Lato_400,700_sans","type_header_family":"Google_Lato_400_sans","type_header_transform":true,"type_navigation_family":"Google_Lato_400_sans","use_bg_image":false,"use_logo":false,"welcome_text_page":"about-us"}}}