{"current":{"customer_layout":"theme","shop_bg_color":"#ffffff","shop_bg_color_content_area":"#ffffff","toolbar_bg_color":"#222222","toolbar_text_color":"#bbbbbb","toolbar_text_hover_color":"#ffffff","toolbar_border_color":"#4d4d4d","search_border_color":"#dddddd","nav_link_color":"#666666","nav_link_hover_color":"#000000","selected_nav_link_color":"#000000","nav_dropdown_background_color":"#ffffff","nav_dropdown_link_color":"#666666","nav_dropdown_link_hover_color":"#000000","footer_bg_color":"#222222","footer_text_color":"#555555","footer_heading_color":"#000000","footer_link_color":"#888888","footer_link_hover_color":"#000000","footer_heading_border_color":"#e0e0e0","footer_border_color":"#aaaaaa","newsletter_btn_color":"#f45b4f","newsletter_btn_hover_color":"#ee4d41","newsletter_btn_text_color":"#ffffff","newsletter_btn_hover_text_color":"#ffffff","social_icon_color":"#444444","social_icon_hover_color":"#222222","body_font_color":"#555555","header_color":"#333333","link_color":"#f45b4f","link_hover_color":"#ee4d41","price_color":"#999999","product_photo_border_color":"#dddddd","sale_bg_color":"#000000","sale_text_color":"#ffffff","shop_btn_color":"#f45b4f","shop_btn_hover_color":"#ee4d41","shop_btn_text_color":"#ffffff","shop_btn_hover_text_color":"#ffffff","border_color":"#aaaaaa","blog_tag_background_color":"#ececec","blog_tag_background_hover_color":"#cccccc","blog_tag_font_color":"#666666","blog_tag_font_hover_color":"#333333","nav_right_padding":"0","mailing_list_form_action":"","twitter_link":"https:\/\/www.twitter.com\/shopify","facebook_link":"https:\/\/www.facebook.com\/shopify","google_link":"https:\/\/plus.google.com\/+shopify","youtube_link":"https:\/\/www.youtube.com\/user\/shopify","vimeo_link":"https:\/\/vimeo.com\/shopify","pinterest_link":"https:\/\/pinterest.com\/shopify\/","instagram_link":"https:\/\/instagram.com\/shopify","tumblr_link":"","atom_link":"","twittercard_handle":"@","slide_1_link":"\/admin\/themes\/current\/settings","slide_1_alt":"TLP Logo","slide_2_link":"http:\/\/www.athletesforanimals","slide_2_alt":"Athletes For Animals","slide_3_link":"\/collections\/all","slide_3_alt":"TLP Shop","slide_4_link":"http:\/\/www.azhumane.org","slide_4_alt":"Arizona Humane Society","slide_5_link":"","slide_5_alt":"","slide_6_link":"","slide_6_alt":"","slide_7_link":"","slide_7_alt":"","slide_8_link":"","slide_8_alt":"","slide_9_link":"","slide_9_alt":"","slide_10_link":"","slide_10_alt":"","fp_image_1_link":"\/collections\/all","fp_image_1_alt":"","fp_image_2_link":"\/collections\/all","fp_image_2_alt":"","fp_image_3_link":"\/collections\/all","fp_image_3_alt":"","checkout_banner_background_color":"#ffffff","checkout_headline":"","checkout_accent_color":"#2a9dcc","checkout_button_color":"#2a9dcc","checkout_call_to_action_color":"#8fc243","bg_image":"music","button_border_radius":"2px","border_style":"solid","regular_font":"Helvetica, Arial, sans-serif","body_font_size":"12px","body_line_height":"18px","google_nav_font":"none","nav_font_size":"14px","nav_weight":"400","nav_font_style":"none","nav_line_height":"48px","google_header_font":"Asap","header_font":"'Lucida Grande', Helvetica, Arial, sans-serif","header_weight":"400","header_font_style":"none","shop_heading_font_size":"72px","main_heading_font_size":"36px","main_heading_line_height":"36px","sub_heading_font_size":"28px","sub_heading_line_height":"36px","footer_heading_font_size":"24px","footer_heading_line_height":"28px","btn_font_size":"12px","btn_line_height":"36px","btn_font_style":"none","btn_font_weight":"700","toolbar_font_size":"14px","toolbar_height":"60px","social_sharing_style":"","slideshow_speed":"6000","slideshow_transition":"slide","slider_nav_opacity":"9","thumbnails_position":"right","pagination_limit":"24","product_opacity_hover":"0.7","checkout_logo":"","wide_layout":false,"shop_bg_color_content_transparent":true,"no_toolbar_background":false,"search_border":true,"no_footer_background":true,"footer_show_underline":false,"use_logo":false,"logo_center":true,"use_favicon_image":true,"navigation_center":true,"force_wide_nav":false,"display_collection_dropdown":true,"footer_display_newsletter":true,"enable_social_links":true,"social_sharing_products":true,"social_sharing_blog":true,"social_sharing_count":true,"share_facebook":true,"share_twitter":true,"share_pinterest":true,"share_fancy":true,"share_google":true,"display_slideshow":true,"display_slide_1":true,"display_slide_2":true,"display_slide_3":true,"display_slide_4":true,"display_slide_5":false,"display_slide_6":false,"display_slide_7":false,"display_slide_8":false,"display_slide_9":false,"display_slide_10":false,"show_fp_images":true,"show_collections":true,"enable_product_image_zoom":false,"display_quantity_dropdown":true,"show_related_products":true,"collection_tags":true,"collection_sort":true,"show_photo_border":true,"show_sale_circle":true,"product_vendor":true,"display_blog_tags":true,"display_cart_note":false,"checkout_use_header_image":false,"background_image_display":"tiled","toolbar_border_style":"none","footer_border_style":"regular_width","navigation_alignment":"below","slideshow_arrows":"dark","footer_linklist":"main-menu","footer_blog_post":"news","frontpage_collection":"frontpage","homepage":"frontpage","frontpage_collections":"","featured_products":"frontpage","tab_bg_color":"#efefef","tab_bg_active_color":"#f3f3f3","newsleter_btn_hover_text_color":"#ffffff","products_per_row":"3","icon_cart_opacity":"8","tab_bakground_none":"true","tab_bakground_active_none":"true","display_extra_checkout_buttons":"true","icon_cart":"light","display_slideshow_1":"true","image_1_link":"\/collections\/all","display_slideshow_2":"true","image_2_link":"\/collections\/all","display_slideshow_3":"false","image_3_link":"","display_slideshow_4":"false","image_4_link":"","display_slideshow_5":"false","image_5_link":"","display_slideshow_6":"false","image_6_link":"","display_slideshow_7":"false","image_7_link":"","display_slideshow_8":"false","image_8_link":"","display_slideshow_9":"false","image_9_link":"","display_slideshow_10":"false","image_10_link":""},"presets":{"Fashion":{"wide_layout":false,"customer_layout":"theme","toolbar_bg_color":"#222222","toolbar_text_color":"#bbbbbb","toolbar_text_hover_color":"#ffffff","toolbar_border_color":"#4D4D4D","search_border_color":"#dddddd","footer_bg_color":"#222222","footer_text_color":"#AAAAAA","footer_heading_color":"#EEEEEE","footer_link_color":"#DDDDDD","footer_link_hover_color":"#FFFFFF","footer_heading_border_color":"#444444","footer_border_color":"#333333","shop_bg_color":"#ffffff","shop_bg_color_content_area":"#ffffff","body_font_color":"#555555","header_color":"#333333","link_color":"#f45b4f","link_hover_color":"#ee4d41","price_color":"#999999","shop_btn_color":"#f45b4f","shop_btn_hover_color":"#ee4d41","shop_btn_text_color":"#ffffff","shop_btn_hover_text_color":"#ffffff","border_color":"#dddddd","tab_bg_color":"#f5f5f5","tab_bg_active_color":"#ffffff","nav_right_padding":"70","nav_link_color":"#888888","nav_link_hover_color":"#222222","selected_nav_link_color":"#222222","nav_dropdown_background_color":"#ffffff","nav_dropdown_link_color":"#888888","nav_dropdown_link_hover_color":"#222222","mailing_list_form_action":"","newsletter_btn_color":"#f45b4f","newsletter_btn_hover_color":"#ee4d41","newsletter_btn_text_color":"#ffffff","newsleter_btn_hover_text_color":"#ffffff","twitter_link":"https:\/\/www.twitter.com\/shopify","facebook_link":"https:\/\/www.facebook.com\/shopify","google_link":"https:\/\/plus.google.com\/+shopify","youtube_link":"https:\/\/www.youtube.com\/user\/shopify","vimeo_link":"https:\/\/vimeo.com\/shopify","pinterest_link":"https:\/\/pinterest.com\/shopify\/","instagram_link":"https:\/\/instagram.com\/shopify","tumblr_link":"","atom_link":"","slide_1_link":"\/collections\/all","slide_1_alt":"","slide_2_link":"\/collections\/all","slide_2_alt":"","slide_3_link":"","slide_3_alt":"","slide_4_link":"","slide_4_alt":"","slide_5_link":"","slide_5_alt":"","slide_6_link":"","slide_6_alt":"","slide_7_link":"","slide_7_alt":"","slide_8_link":"","slide_8_alt":"","slide_9_link":"","slide_9_alt":"","slide_10_link":"","slide_10_alt":"","fp_image_1_link":"\/collections\/all","fp_image_1_alt":"","fp_image_2_link":"\/collections\/all","fp_image_2_alt":"","fp_image_3_link":"\/collections\/all","fp_image_3_alt":"","product_photo_border_color":"#dddddd","sale_bg_color":"#000000","sale_text_color":"#ffffff","blog_tag_background_color":"#ECECEC","blog_tag_background_hover_color":"#CCCCCC","blog_tag_font_color":"#666666","blog_tag_font_hover_color":"#333333","bg_image":"","button_border_radius":"2px","border_style":"solid","regular_font":"Helvetica, Arial, sans-serif","body_font_size":"12px","body_line_height":"18px","google_nav_font":"none","nav_font_size":"14px","nav_weight":"400","nav_font_style":"none","nav_line_height":"48px","google_header_font":"Asap","header_font":"'Lucida Grande', Helvetica, Arial, sans-serif","header_weight":"400","header_font_style":"none","shop_heading_font_size":"72px","main_heading_font_size":"36px","main_heading_line_height":"36px","sub_heading_font_size":"28px","sub_heading_line_height":"36px","footer_heading_font_size":"24px","footer_heading_line_height":"28px","btn_font_size":"12px","btn_line_height":"36px","btn_font_style":"none","btn_font_weight":"700","slideshow_speed":"6000","slideshow_transition":"fade","slider_nav_opacity":"9","frontpage_collections":"","thumbnails_position":"right","pagination_limit":"24","products_per_row":"4","product_opacity_hover":"0.7","icon_cart_opacity":"8","use_logo":false,"logo_center":false,"use_favicon_image":true,"no_toolbar_background":false,"search_border":true,"no_footer_background":false,"footer_show_underline":false,"shop_bg_color_content_transparent":true,"tab_bakground_none":false,"tab_bakground_active_none":false,"navigation_center":false,"display_collection_dropdown":true,"footer_display_newsletter":true,"enable_social_links":true,"display_slideshow":true,"display_slide_1":true,"display_slide_2":true,"display_slide_3":false,"display_slide_4":false,"display_slide_5":false,"display_slide_6":false,"display_slide_7":false,"display_slide_8":false,"display_slide_9":false,"display_slide_10":false,"show_fp_images":true,"show_collections":false,"enable_product_image_zoom":false,"display_quantity_dropdown":true,"share_facebook":true,"share_fancy":true,"share_google":true,"share_pinterest":true,"share_twitter":true,"social_sharing_blog":true,"social_sharing_count":true,"social_sharing_products":true,"social_sharing_style":"normal","show_related_products":true,"collection_tags":true,"collection_sort":true,"show_photo_border":true,"show_sale_circle":true,"product_vendor":true,"display_blog_tags":true,"display_cart_note":false,"display_extra_checkout_buttons":true,"background_image_display":"tiled","toolbar_border_style":"none","footer_border_style":"none","navigation_alignment":"right","social_icon_color":"#aaaaaa","social_icon_hover_color":"#dddddd","slideshow_arrows":"dark","icon_cart":"light","footer_linklist":"main-menu","footer_blog_post":"news","frontpage_collection":"frontpage","homepage":"frontpage","display_slideshow_1":"true","image_1_link":"\/collections\/all","display_slideshow_2":"true","image_2_link":"\/collections\/all","display_slideshow_3":"false","image_3_link":"","display_slideshow_4":"false","image_4_link":"","display_slideshow_5":"false","image_5_link":"","display_slideshow_6":"false","image_6_link":"","display_slideshow_7":"false","image_7_link":"","display_slideshow_8":"false","image_8_link":"","display_slideshow_9":"false","image_9_link":"","display_slideshow_10":"false","image_10_link":"","designed_by":"true","meta_keywords":"","meta_description":"","display_mq_desktop_slim":"true","display_mq_tablet":"true","display_mq_mobile_landscape":"true","display_mq_mobile_portrait":"true","featured_products":"frontpage","toolbar_height":"60px","toolbar_font_size":"14px","force_wide_nav":false},"Vintage":{"wide_layout":false,"customer_layout":"theme","toolbar_bg_color":"#eeeeee","toolbar_text_color":"#666666","toolbar_text_hover_color":"#000000","toolbar_border_color":"#e5e5e5","search_border_color":"#cccccc","footer_bg_color":"#eeeeee","footer_text_color":"#666666","footer_heading_color":"#000000","footer_link_color":"#555555","footer_link_hover_color":"#000000","footer_heading_border_color":"#DDDDDD","footer_border_color":"#e5e5e5","shop_bg_color":"#ffffff","shop_bg_color_content_area":"#ffffff","body_font_color":"#555555","header_color":"#333333","link_color":"#50b3da","link_hover_color":"#51a7ca","price_color":"#999999","shop_btn_color":"#50b3da","shop_btn_hover_color":"#51a7ca","shop_btn_text_color":"#ffffff","shop_btn_hover_text_color":"#ffffff","border_color":"#dddddd","tab_bg_color":"#f5f5f5","tab_bg_active_color":"#ffffff","nav_right_padding":"55","nav_link_color":"#666666","nav_link_hover_color":"#000000","selected_nav_link_color":"#000000","nav_dropdown_background_color":"#ffffff","nav_dropdown_link_color":"#666666","nav_dropdown_link_hover_color":"#000000","mailing_list_form_action":"","newsletter_btn_color":"#50b3da","newsletter_btn_hover_color":"#51a7ca","newsletter_btn_text_color":"#ffffff","newsleter_btn_hover_text_color":"#ffffff","twitter_link":"https:\/\/www.twitter.com\/shopify","facebook_link":"https:\/\/www.facebook.com\/shopify","google_link":"https:\/\/plus.google.com\/+shopify","youtube_link":"https:\/\/www.youtube.com\/user\/shopify","vimeo_link":"https:\/\/vimeo.com\/shopify","pinterest_link":"https:\/\/pinterest.com\/shopify\/","instagram_link":"https:\/\/instagram.com\/shopify","tumblr_link":"","atom_link":"","slide_1_link":"\/collections\/all","slide_1_alt":"","slide_2_link":"\/collections\/all","slide_2_alt":"","slide_3_link":"","slide_3_alt":"","slide_4_link":"","slide_4_alt":"","slide_5_link":"","slide_5_alt":"","slide_6_link":"","slide_6_alt":"","slide_7_link":"","slide_7_alt":"","slide_8_link":"","slide_8_alt":"","slide_9_link":"","slide_9_alt":"","slide_10_link":"","slide_10_alt":"","fp_image_1_link":"\/collections\/all","fp_image_1_alt":"","fp_image_2_link":"\/collections\/all","fp_image_2_alt":"","fp_image_3_link":"\/collections\/all","fp_image_3_alt":"","product_photo_border_color":"#dddddd","sale_bg_color":"#50b3da","sale_text_color":"#ffffff","blog_tag_background_color":"#ECECEC","blog_tag_background_hover_color":"#CCCCCC","blog_tag_font_color":"#666666","blog_tag_font_hover_color":"#333333","bg_image":"","button_border_radius":"2px","border_style":"solid","regular_font":"Helvetica, Arial, sans-serif","body_font_size":"12px","body_line_height":"18px","google_nav_font":"Arvo","nav_font_size":"14px","nav_weight":"400","nav_font_style":"none","nav_line_height":"48px","google_header_font":"Arvo","header_font":"'Lucida Grande', Helvetica, Arial, sans-serif","header_weight":"400","header_font_style":"none","shop_heading_font_size":"72px","main_heading_font_size":"36px","main_heading_line_height":"48px","sub_heading_font_size":"28px","sub_heading_line_height":"36px","footer_heading_font_size":"24px","footer_heading_line_height":"28px","btn_font_size":"12px","btn_line_height":"36px","btn_font_style":"none","btn_font_weight":"700","slideshow_speed":"6000","slideshow_transition":"fade","slider_nav_opacity":"9","frontpage_collections":"","thumbnails_position":"right","pagination_limit":"24","products_per_row":"4","product_opacity_hover":"0.7","icon_cart_opacity":"6","use_logo":false,"logo_center":false,"use_favicon_image":true,"no_toolbar_background":false,"search_border":true,"no_footer_background":false,"footer_show_underline":false,"shop_bg_color_content_transparent":false,"tab_bakground_none":false,"tab_bakground_active_none":false,"navigation_center":false,"display_collection_dropdown":true,"footer_display_newsletter":true,"enable_social_links":true,"display_slideshow":true,"display_slide_1":true,"display_slide_2":true,"display_slide_3":false,"display_slide_4":false,"display_slide_5":false,"display_slide_6":false,"display_slide_7":false,"display_slide_8":false,"display_slide_9":false,"display_slide_10":false,"show_fp_images":true,"show_collections":false,"enable_product_image_zoom":false,"display_quantity_dropdown":true,"share_facebook":true,"share_fancy":true,"share_google":true,"share_pinterest":true,"share_twitter":true,"social_sharing_blog":true,"social_sharing_count":true,"social_sharing_products":true,"social_sharing_style":"normal","show_related_products":true,"collection_tags":true,"collection_sort":true,"show_photo_border":true,"show_sale_circle":true,"product_vendor":true,"display_blog_tags":true,"display_cart_note":false,"display_extra_checkout_buttons":true,"background_image_display":"tiled","toolbar_border_style":"full_width","footer_border_style":"full_width","navigation_alignment":"right","social_icon_color":"#444444","social_icon_hover_color":"#111111","slideshow_arrows":"dark","icon_cart":"dark","footer_linklist":"main-menu","footer_blog_post":"news","frontpage_collection":"frontpage","homepage":"frontpage","display_slideshow_1":"true","image_1_link":"\/collections\/all","display_slideshow_2":"true","image_2_link":"\/collections\/all","display_slideshow_3":"false","image_3_link":"","display_slideshow_4":"false","image_4_link":"","display_slideshow_5":"false","image_5_link":"","display_slideshow_6":"false","image_6_link":"","display_slideshow_7":"false","image_7_link":"","display_slideshow_8":"false","image_8_link":"","display_slideshow_9":"false","image_9_link":"","display_slideshow_10":"false","image_10_link":"","footer_border":"false","homepage_product_count":"4","featured_products":"frontpage","toolbar_height":"60px","toolbar_font_size":"14px","force_wide_nav":false},"Jewelry":{"wide_layout":false,"customer_layout":"theme","toolbar_bg_color":"#111111","toolbar_text_color":"#aaaaaa","toolbar_text_hover_color":"#cecece","toolbar_border_color":"#2f2f2f","search_border_color":"#dddddd","footer_bg_color":"#333333","footer_text_color":"#999999","footer_heading_color":"#ffffff","footer_link_color":"#cccccc","footer_link_hover_color":"#dddddd","footer_heading_border_color":"#333333","footer_border_color":"#777777","shop_bg_color":"#333333","shop_bg_color_content_area":"#333333","body_font_color":"#999999","header_color":"#ffffff","link_color":"#9ad7f6","link_hover_color":"#afe1fb","price_color":"#aaaaaa","shop_btn_color":"#60c1f2","shop_btn_hover_color":"#6fcbfa","shop_btn_text_color":"#ffffff","shop_btn_hover_text_color":"#ffffff","border_color":"#777777","tab_bg_color":"#222222","tab_bg_active_color":"#222222","nav_right_padding":"0","nav_link_color":"#aaaaaa","nav_link_hover_color":"#ffffff","selected_nav_link_color":"#ffffff","nav_dropdown_background_color":"#333333","nav_dropdown_link_color":"#aaaaaa","nav_dropdown_link_hover_color":"#ffffff","mailing_list_form_action":"","newsletter_btn_color":"#60c1f2","newsletter_btn_hover_color":"#6fcbfa","newsletter_btn_text_color":"#ffffff","newsleter_btn_hover_text_color":"#ffffff","twitter_link":"https:\/\/www.twitter.com\/shopify","facebook_link":"https:\/\/www.facebook.com\/shopify","google_link":"https:\/\/plus.google.com\/+shopify","youtube_link":"https:\/\/www.youtube.com\/user\/shopify","vimeo_link":"https:\/\/vimeo.com\/shopify","pinterest_link":"https:\/\/pinterest.com\/shopify\/","instagram_link":"https:\/\/instagram.com\/shopify","tumblr_link":"","atom_link":"","slide_1_link":"\/collections\/all","slide_1_alt":"","slide_2_link":"\/collections\/all","slide_2_alt":"","slide_3_link":"","slide_3_alt":"","slide_4_link":"","slide_4_alt":"","slide_5_link":"","slide_5_alt":"","slide_6_link":"","slide_6_alt":"","slide_7_link":"","slide_7_alt":"","slide_8_link":"","slide_8_alt":"","slide_9_link":"","slide_9_alt":"","slide_10_link":"","slide_10_alt":"","fp_image_1_link":"\/collections\/all","fp_image_1_alt":"","fp_image_2_link":"\/collections\/all","fp_image_2_alt":"","fp_image_3_link":"\/collections\/all","fp_image_3_alt":"","product_photo_border_color":"#dddddd","sale_bg_color":"#000000","sale_text_color":"#ffffff","blog_tag_background_color":"#3d3d3d","blog_tag_background_hover_color":"#666666","blog_tag_font_color":"#ffffff","blog_tag_font_hover_color":"#ffffff","bg_image":"jewelry","button_border_radius":"2px","border_style":"solid","regular_font":"Helvetica, Arial, sans-serif","body_font_size":"12px","body_line_height":"18px","google_nav_font":"none","nav_font_size":"14px","nav_weight":"400","nav_font_style":"none","nav_line_height":"48px","google_header_font":"Lato","header_font":"Helvetica, Arial, sans-serif","header_weight":"300","header_font_style":"none","shop_heading_font_size":"72px","main_heading_font_size":"36px","main_heading_line_height":"36px","sub_heading_font_size":"28px","sub_heading_line_height":"36px","footer_heading_font_size":"24px","footer_heading_line_height":"28px","btn_font_size":"12px","btn_line_height":"36px","btn_font_style":"none","btn_font_weight":"700","slideshow_speed":"6000","slideshow_transition":"fade","slider_nav_opacity":"9","frontpage_collections":"","thumbnails_position":"right","pagination_limit":"12","products_per_row":"3","product_opacity_hover":"0.7","icon_cart_opacity":"6","use_logo":false,"logo_center":true,"use_favicon_image":true,"no_toolbar_background":false,"search_border":true,"no_footer_background":false,"footer_show_underline":false,"shop_bg_color_content_transparent":true,"tab_bakground_none":true,"tab_bakground_active_none":true,"navigation_center":true,"display_collection_dropdown":true,"footer_display_newsletter":true,"enable_social_links":true,"display_slideshow":true,"display_slide_1":true,"display_slide_2":true,"display_slide_3":false,"display_slide_4":false,"display_slide_5":false,"display_slide_6":false,"display_slide_7":false,"display_slide_8":false,"display_slide_9":false,"display_slide_10":false,"show_fp_images":true,"show_collections":false,"enable_product_image_zoom":false,"display_quantity_dropdown":true,"share_facebook":true,"share_fancy":true,"share_google":true,"share_pinterest":true,"share_twitter":true,"social_sharing_blog":true,"social_sharing_count":true,"social_sharing_products":true,"social_sharing_style":"normal","show_related_products":true,"collection_tags":true,"collection_sort":true,"show_photo_border":true,"show_sale_circle":true,"product_vendor":true,"display_blog_tags":true,"display_cart_note":false,"display_extra_checkout_buttons":true,"background_image_display":"tiled","toolbar_border_style":"full_width","footer_border_style":"regular_width","navigation_alignment":"below","social_icon_color":"#aaaaaa","social_icon_hover_color":"#dddddd","slideshow_arrows":"dark","icon_cart":"light","footer_linklist":"main-menu","footer_blog_post":"news","frontpage_collection":"frontpage","homepage":"frontpage","display_slideshow_1":"true","image_1_link":"\/collections\/all","display_slideshow_2":"true","image_2_link":"\/collections\/all","display_slideshow_3":"false","image_3_link":"","display_slideshow_4":"false","image_4_link":"","display_slideshow_5":"false","image_5_link":"","display_slideshow_6":"false","image_6_link":"","display_slideshow_7":"false","image_7_link":"","display_slideshow_8":"false","image_8_link":"","display_slideshow_9":"false","image_9_link":"","display_slideshow_10":"false","image_10_link":"","featured_products":"frontpage","toolbar_height":"60px","toolbar_font_size":"14px","force_wide_nav":false},"Music":{"wide_layout":false,"customer_layout":"theme","toolbar_bg_color":"#222222","toolbar_text_color":"#bbbbbb","toolbar_text_hover_color":"#ffffff","toolbar_border_color":"#4D4D4D","search_border_color":"#dddddd","footer_bg_color":"#222222","footer_text_color":"#555555","footer_heading_color":"#000000","footer_link_color":"#888888","footer_link_hover_color":"#000000","footer_heading_border_color":"#e0e0e0","footer_border_color":"#aaaaaa","shop_bg_color":"#ffffff","shop_bg_color_content_area":"#ffffff","body_font_color":"#555555","header_color":"#333333","link_color":"#f45b4f","link_hover_color":"#ee4d41","price_color":"#999999","shop_btn_color":"#f45b4f","shop_btn_hover_color":"#ee4d41","shop_btn_text_color":"#ffffff","shop_btn_hover_text_color":"#ffffff","border_color":"#aaaaaa","tab_bg_color":"#efefef","tab_bg_active_color":"#f3f3f3","nav_right_padding":"0","nav_link_color":"#666666","nav_link_hover_color":"#000000","selected_nav_link_color":"#000000","nav_dropdown_background_color":"#ffffff","nav_dropdown_link_color":"#666666","nav_dropdown_link_hover_color":"#000000","mailing_list_form_action":"","newsletter_btn_color":"#f45b4f","newsletter_btn_hover_color":"#ee4d41","newsletter_btn_text_color":"#ffffff","newsleter_btn_hover_text_color":"#ffffff","twitter_link":"https:\/\/www.twitter.com\/shopify","facebook_link":"https:\/\/www.facebook.com\/shopify","google_link":"https:\/\/plus.google.com\/+shopify","youtube_link":"https:\/\/www.youtube.com\/user\/shopify","vimeo_link":"https:\/\/vimeo.com\/shopify","pinterest_link":"https:\/\/pinterest.com\/shopify\/","instagram_link":"https:\/\/instagram.com\/shopify","tumblr_link":"","atom_link":"","slide_1_link":"\/collections\/all","slide_1_alt":"","slide_2_link":"\/collections\/all","slide_2_alt":"","slide_3_link":"","slide_3_alt":"","slide_4_link":"","slide_4_alt":"","slide_5_link":"","slide_5_alt":"","slide_6_link":"","slide_6_alt":"","slide_7_link":"","slide_7_alt":"","slide_8_link":"","slide_8_alt":"","slide_9_link":"","slide_9_alt":"","slide_10_link":"","slide_10_alt":"","fp_image_1_link":"\/collections\/all","fp_image_1_alt":"","fp_image_2_link":"\/collections\/all","fp_image_2_alt":"","fp_image_3_link":"\/collections\/all","fp_image_3_alt":"","product_photo_border_color":"#dddddd","sale_bg_color":"#000000","sale_text_color":"#ffffff","blog_tag_background_color":"#ECECEC","blog_tag_background_hover_color":"#CCCCCC","blog_tag_font_color":"#666666","blog_tag_font_hover_color":"#333333","bg_image":"music","button_border_radius":"2px","border_style":"solid","regular_font":"Helvetica, Arial, sans-serif","body_font_size":"12px","body_line_height":"18px","google_nav_font":"none","nav_font_size":"14px","nav_weight":"400","nav_font_style":"none","nav_line_height":"48px","google_header_font":"Asap","header_font":"'Lucida Grande', Helvetica, Arial, sans-serif","header_weight":"400","header_font_style":"none","shop_heading_font_size":"72px","main_heading_font_size":"36px","main_heading_line_height":"36px","sub_heading_font_size":"28px","sub_heading_line_height":"36px","footer_heading_font_size":"24px","footer_heading_line_height":"28px","btn_font_size":"12px","btn_line_height":"36px","btn_font_style":"none","btn_font_weight":"700","slideshow_speed":"6000","slideshow_transition":"fade","slider_nav_opacity":"9","frontpage_collections":"","thumbnails_position":"right","pagination_limit":"24","products_per_row":"3","product_opacity_hover":"0.7","icon_cart_opacity":"8","use_logo":false,"logo_center":true,"use_favicon_image":true,"no_toolbar_background":false,"search_border":true,"no_footer_background":true,"footer_show_underline":false,"shop_bg_color_content_transparent":true,"tab_bakground_none":true,"tab_bakground_active_none":true,"navigation_center":true,"display_collection_dropdown":true,"footer_display_newsletter":true,"enable_social_links":true,"display_slideshow":true,"display_slide_1":true,"display_slide_2":true,"display_slide_3":false,"display_slide_4":false,"display_slide_5":false,"display_slide_6":false,"display_slide_7":false,"display_slide_8":false,"display_slide_9":false,"display_slide_10":false,"show_fp_images":true,"show_collections":false,"enable_product_image_zoom":false,"display_quantity_dropdown":true,"share_facebook":true,"share_fancy":true,"share_google":true,"share_pinterest":true,"share_twitter":true,"social_sharing_blog":true,"social_sharing_count":true,"social_sharing_products":true,"social_sharing_style":"normal","show_related_products":true,"collection_tags":true,"collection_sort":true,"show_photo_border":true,"show_sale_circle":true,"product_vendor":true,"display_blog_tags":true,"display_cart_note":false,"display_extra_checkout_buttons":true,"background_image_display":"tiled","toolbar_border_style":"none","footer_border_style":"regular_width","navigation_alignment":"below","social_icon_color":"#444444","social_icon_hover_color":"#222222","slideshow_arrows":"dark","icon_cart":"light","footer_linklist":"main-menu","footer_blog_post":"news","frontpage_collection":"frontpage","homepage":"frontpage","display_slideshow_1":"true","image_1_link":"\/collections\/all","display_slideshow_2":"true","image_2_link":"\/collections\/all","display_slideshow_3":"false","image_3_link":"","display_slideshow_4":"false","image_4_link":"","display_slideshow_5":"false","image_5_link":"","display_slideshow_6":"false","image_6_link":"","display_slideshow_7":"false","image_7_link":"","display_slideshow_8":"false","image_8_link":"","display_slideshow_9":"false","image_9_link":"","display_slideshow_10":"false","image_10_link":"","featured_products":"frontpage","toolbar_height":"60px","toolbar_font_size":"14px","force_wide_nav":false}}}