[{"name":"General","settings":[{"type":"checkbox","id":"wide_layout","label":"Enable Wide layout?"}]},{"name":"Colors","settings":[{"type":"header","content":"Background"},{"type":"select","id":"bg_image","label":"Use a background image?","options":[{"value":"","label":"No background image"},{"value":"custom","label":"Use custom image (see upload button below)"},{"value":"music","label":"Use background image of Music style"},{"value":"jewelry","label":"Use background image of Jewelry style"}]},{"type":"image","id":"bg-custom.png","label":"Custom background image"},{"type":"radio","id":"background_image_display","label":"Background image display style?","options":[{"value":"tiled","label":"Tiled"},{"value":"full","label":"Not tiled"},{"value":"stretch","label":"Stretch"}]},{"type":"color","id":"shop_bg_color","label":"Shop Background Color","default":"#ffffff"},{"type":"color","id":"shop_bg_color_content_area","label":"Content Area Background Color","default":"#ffffff"},{"type":"checkbox","id":"shop_bg_color_content_transparent","label":"No Content Area Background Color"},{"type":"header","content":"Toolbar (Top Bar) Colors"},{"type":"color","id":"toolbar_bg_color","label":"Toolbar Background Color","default":"#000000"},{"type":"checkbox","id":"no_toolbar_background","label":"Remove Toolbar Background Color?"},{"type":"color","id":"toolbar_text_color","label":"Toolbar Text Color","default":"#bbbbbb"},{"type":"color","id":"toolbar_text_hover_color","label":"Toolbar Text Hover Color","default":"#ffffff"},{"type":"radio","id":"toolbar_border_style","label":"Show Toolbar Bottom Border?","options":[{"value":"none","label":"None"},{"value":"regular_width","label":"Regular width"},{"value":"full_width","label":"Full width"}]},{"type":"color","id":"toolbar_border_color","label":"Toolbar Border Color","default":"#dddddd"},{"type":"checkbox","id":"search_border","label":"Show border around search?"},{"type":"color","id":"search_border_color","label":"Search Border Color","default":"#dddddd"},{"type":"header","content":"Navigation"},{"type":"color","id":"nav_link_color","label":"Nav Link Color","default":"#888888"},{"type":"color","id":"nav_link_hover_color","label":"Nav Link Hover Color","default":"#222222"},{"type":"color","id":"selected_nav_link_color","label":"Selected Nav Link Color","default":"#222222"},{"type":"color","id":"nav_dropdown_background_color","label":"Nav Dropdown Background Color","default":"#888888"},{"type":"color","id":"nav_dropdown_link_color","label":"Nav Dropdown Link Color","default":"#888888"},{"type":"color","id":"nav_dropdown_link_hover_color","label":"Nav Dropdown Link Hover Color","default":"#222222"},{"type":"header","content":"Footer Colors"},{"type":"color","id":"footer_bg_color","label":"Footer Background Color","default":"#000000"},{"type":"checkbox","id":"no_footer_background","label":"Remove Footer Background Color?"},{"type":"color","id":"footer_text_color","label":"Footer Text Color","default":"#AAAAAA"},{"type":"color","id":"footer_heading_color","label":"Footer Heading Color","default":"#EEEEEE"},{"type":"color","id":"footer_link_color","label":"Footer Link Color","default":"#DDDDDD"},{"type":"color","id":"footer_link_hover_color","label":"Footer Link Hover Color","default":"#FFFFFF"},{"type":"checkbox","id":"footer_show_underline","label":"Show Footer Heading Underline?"},{"type":"color","id":"footer_heading_border_color","label":"Footer Heading Underline Color","default":"#DDDDDD"},{"type":"radio","id":"footer_border_style","label":"Show Footer Border?","options":[{"value":"none","label":"None"},{"value":"regular_width","label":"Regular width"},{"value":"full_width","label":"Full width"}]},{"type":"color","id":"footer_border_color","label":"Footer Border Color","default":"#DDDDDD"},{"type":"header","content":"Newsletter"},{"type":"color","id":"newsletter_btn_color","label":"Newsletter button color","default":"#f45b4f"},{"type":"color","id":"newsletter_btn_hover_color","label":"Newsletter button color on hover","default":"#ee4d41"},{"type":"color","id":"newsletter_btn_text_color","label":"Newsletter button text color","default":"#ffffff"},{"type":"color","id":"newsletter_btn_hover_text_color","label":"Newsletter button text color on hover","default":"#ffffff"},{"type":"header","content":"Social Media Icons"},{"type":"color","id":"social_icon_color","label":"Social icon color","default":"#888888"},{"type":"color","id":"social_icon_hover_color","label":"Social icon color on hover","default":"#dddddd"},{"type":"header","content":"Content Area Colors"},{"type":"color","id":"body_font_color","label":"Font Color","default":"#555555"},{"type":"color","id":"header_color","label":"Heading Color","default":"#333333"},{"type":"color","id":"link_color","label":"Link Color","default":"#f45b4f"},{"type":"color","id":"link_hover_color","label":"Link Hover Color","default":"#ee4d41"},{"type":"color","id":"price_color","label":"Price Color","default":"#999999"},{"type":"color","id":"product_photo_border_color","label":"Photo border color","default":"#dddddd"},{"type":"color","id":"sale_bg_color","label":"Sale circle background color","default":"#000000"},{"type":"color","id":"sale_text_color","label":"Sale circle text color","default":"#ffffff"},{"type":"header","content":"Buttons"},{"type":"color","id":"shop_btn_color","label":"Button Background Color","default":"#f45b4f"},{"type":"color","id":"shop_btn_hover_color","label":"Button Background Hover Color","default":"#ee4d41"},{"type":"color","id":"shop_btn_text_color","label":"Button Text Color","default":"#ffffff"},{"type":"color","id":"shop_btn_hover_text_color","label":"Button Text Hover Color","default":"#ffffff"},{"type":"select","id":"button_border_radius","label":"Button Border Radius","options":[{"value":"15px","label":"15px"},{"value":"10px","label":"10px"},{"value":"7px","label":"7px"},{"value":"5px","label":"5px"},{"value":"4px","label":"4px"},{"value":"3px","label":"3px"},{"value":"2px","label":"2px"},{"value":"none","label":"None"}],"default":"2px"},{"type":"header","content":"Borders"},{"type":"select","id":"border_style","label":"General Border Styles","options":[{"value":"solid","label":"Solid"},{"value":"dashed","label":"Dashed"},{"value":"dotted","label":"Dotted"}],"default":"solid"},{"type":"color","id":"border_color","label":"General Border Colors","default":"#dddddd"},{"type":"header","content":"Blog Tags"},{"type":"color","id":"blog_tag_background_color","label":"Tag background color","default":"#ECECEC"},{"type":"color","id":"blog_tag_background_hover_color","label":"Tag background hover color","default":"#CCCCCC"},{"type":"color","id":"blog_tag_font_color","label":"Tag font color","default":"#666666"},{"type":"color","id":"blog_tag_font_hover_color","label":"Tag font hover color","default":"#333333"}]},{"name":"Typography","settings":[{"type":"header","content":"Base Styles"},{"type":"select","id":"regular_font","label":"Base Typeface","options":[{"value":"Helvetica, Arial, 'Lucida Grande', sans-serif","label":"Lucida Grande"},{"value":"Helvetica, Arial, sans-serif","label":"Helvetica\/Arial","group":"Sans-serif"},{"value":"Impact, Charcoal, Helvetica, Arial, sans-serif","label":"Impact","group":"Sans-serif"},{"value":"'Lucida Grande', 'Lucida Sans Unicode', 'Lucida Sans', Lucida, Helvetica, Arial, sans-serif","label":"Lucida Grande","group":"Sans-serif"},{"value":"Trebuchet MS, sans-serif","label":"Trebuchet MS","group":"Sans-serif"},{"value":"Verdana, Helvetica, Arial, sans-serif","label":"Verdana","group":"Sans-serif"},{"value":"Garamond, Baskerville, Caslon, serif","label":"Garamond","group":"Serif"},{"value":"Georgia, Utopia, 'Times New Roman', Times, serif","label":"Georgia","group":"Serif"},{"value":"Palatino, 'Palatino Linotype', 'Book Antiqua', serif","label":"Palatino","group":"Serif"},{"value":"'Times New Roman', Times, serif","label":"Times New Roman","group":"Serif"},{"value":"'Courier New', Courier, monospace","label":"Courier New","group":"Monospace"},{"value":"Monaco, 'Lucida Console', 'DejaVu Sans Mono', monospace","label":"Monaco\/Lucida Console","group":"Monospace"}],"default":"Helvetica, Arial, 'Lucida Grande', sans-serif"},{"type":"select","id":"body_font_size","label":"Font Size","options":[{"value":"16px","label":"16px"},{"value":"15px","label":"15px"},{"value":"14px","label":"14px"},{"value":"13px","label":"13px"},{"value":"12px","label":"12px"},{"value":"11px","label":"11px"}],"default":"12px"},{"type":"select","id":"body_line_height","label":"Line Height","options":[{"value":"28px","label":"28px"},{"value":"24px","label":"24px"},{"value":"22px","label":"22px"},{"value":"20px","label":"20px"},{"value":"18px","label":"18px"},{"value":"16px","label":"16px"}],"default":"18px"},{"type":"header","content":"Navigation Styles"},{"type":"select","id":"google_nav_font","label":"Google WebFonts Navigation Typeface","options":[{"value":"none","label":"-- None --"},{"value":"Abril+Fatface","label":"Abril Fatface"},{"value":"Arvo","label":"Arvo"},{"value":"Asap","label":"Asap"},{"value":"Bevan","label":"Bevan"},{"value":"Cabin","label":"Cabin"},{"value":"Copse","label":"Copse"},{"value":"Dancing+Script","label":"Dancing Script"},{"value":"Droid+Sans","label":"Droid Sans"},{"value":"Droid+Serif","label":"Droid Serif"},{"value":"Gentium+Book+Basic","label":"Gentium Book Basic"},{"value":"Gravitas+One","label":"Gravitas One"},{"value":"Gruppo","label":"Gruppo"},{"value":"Josefin+Slab","label":"Josefin Slab"},{"value":"Josefin+Sans","label":"Josefin Sans"},{"value":"Kreon","label":"Kreon"},{"value":"Lato","label":"Lato"},{"value":"Merriweather","label":"Merriweather"},{"value":"Old+Standard+TT","label":"Old Standard TT"},{"value":"Open+Sans","label":"Open Sans"},{"value":"Vollkorn","label":"Vollkorn"}]},{"type":"select","id":"nav_font_size","label":"Navigation Font Size","options":[{"value":"20px","label":"20 px"},{"value":"19px","label":"19 px"},{"value":"18px","label":"18 px"},{"value":"17px","label":"17 px"},{"value":"16px","label":"16 px"},{"value":"15px","label":"15 px"},{"value":"14px","label":"14 px"},{"value":"13px","label":"13 px"},{"value":"12px","label":"12 px"},{"value":"11px","label":"11 px"}],"default":"13px"},{"type":"select","id":"nav_weight","label":"Navigation Font Weight","options":[{"value":"700","label":"Bold"},{"value":"400","label":"Regular"},{"value":"300","label":"Light"}],"default":"700"},{"type":"select","id":"nav_font_style","label":"Navigation Font Style","options":[{"value":"none","label":"None"},{"value":"uppercase","label":"Uppercase"},{"value":"lowercase","label":"Lowercase"}],"default":"none"},{"type":"select","id":"nav_line_height","label":"Navigation Line Height","options":[{"value":"72px","label":"72px"},{"value":"60px","label":"60px"},{"value":"48px","label":"48px"},{"value":"36px","label":"36px"},{"value":"24px","label":"24px"},{"value":"21px","label":"21px"},{"value":"18px","label":"18px"},{"value":"16px","label":"16px"},{"value":"14px","label":"14px"},{"value":"12px","label":"12px"},{"value":"11px","label":"11px"},{"value":"10px","label":"10px"}],"default":"48px"},{"type":"header","content":"Heading Styles"},{"type":"select","id":"google_header_font","label":"Google Typefaces","options":[{"value":"none","label":"-- None --"},{"value":"Abril+Fatface","label":"Abril Fatface"},{"value":"Arvo","label":"Arvo"},{"value":"Asap","label":"Asap"},{"value":"Bevan","label":"Bevan"},{"value":"Cabin","label":"Cabin"},{"value":"Copse","label":"Copse"},{"value":"Dancing+Script","label":"Dancing Script"},{"value":"Droid+Sans","label":"Droid Sans"},{"value":"Droid+Serif","label":"Droid Serif"},{"value":"Gentium+Book+Basic","label":"Gentium Book Basic"},{"value":"Gravitas+One","label":"Gravitas One"},{"value":"Gruppo","label":"Gruppo"},{"value":"Josefin+Slab","label":"Josefin Slab"},{"value":"Josefin+Sans","label":"Josefin Sans"},{"value":"Kreon","label":"Kreon"},{"value":"Lato","label":"Lato"},{"value":"Merriweather","label":"Merriweather"},{"value":"Old+Standard+TT","label":"Old Standard TT"},{"value":"Open+Sans","label":"Open Sans"},{"value":"Vollkorn","label":"Vollkorn"}]},{"type":"select","id":"header_font","label":"Websafe Typefaces","options":[{"value":"'Lucida Grande', Helvetica, Arial, sans-serif","label":"Lucida Grande"},{"value":"Helvetica, Arial, sans-serif","label":"Helvetica\/Arial","group":"Sans-serif"},{"value":"Impact, Charcoal, Helvetica, Arial, sans-serif","label":"Impact","group":"Sans-serif"},{"value":"'Lucida Grande', 'Lucida Sans Unicode', 'Lucida Sans', Lucida, Helvetica, Arial, sans-serif","label":"Lucida Grande","group":"Sans-serif"},{"value":"Trebuchet MS, sans-serif","label":"Trebuchet MS","group":"Sans-serif"},{"value":"Verdana, Helvetica, Arial, sans-serif","label":"Verdana","group":"Sans-serif"},{"value":"Garamond, Baskerville, Caslon, serif","label":"Garamond","group":"Serif"},{"value":"Georgia, Utopia, 'Times New Roman', Times, serif","label":"Georgia","group":"Serif"},{"value":"Palatino, 'Palatino Linotype', 'Book Antiqua', serif","label":"Palatino","group":"Serif"},{"value":"'Times New Roman', Times, serif","label":"Times New Roman","group":"Serif"},{"value":"'Courier New', Courier, monospace","label":"Courier New","group":"Monospace"},{"value":"Monaco, 'Lucida Console', 'DejaVu Sans Mono', monospace","label":"Monaco\/Lucida Console","group":"Monospace"}],"default":"'Lucida Grande', Helvetica, Arial, sans-serif"},{"type":"select","id":"header_weight","label":"Font Weight","options":[{"value":"700","label":"Bold"},{"value":"400","label":"Regular"},{"value":"300","label":"Light"}],"default":"700"},{"type":"select","id":"header_font_style","label":"Font Style","options":[{"value":"none","label":"None"},{"value":"uppercase","label":"Uppercase"},{"value":"lowercase","label":"Lowercase"}],"default":"none"},{"type":"select","id":"shop_heading_font_size","label":"Shop Heading: Font Size","options":[{"value":"72px","label":"72px"},{"value":"60px","label":"60px"},{"value":"48px","label":"48px"},{"value":"36px","label":"36px"},{"value":"24px","label":"24px"},{"value":"21px","label":"21px"},{"value":"18px","label":"18px"},{"value":"16px","label":"16px"},{"value":"14px","label":"14px"},{"value":"12px","label":"12px"},{"value":"11px","label":"11px"},{"value":"10px","label":"10px"}],"default":"48px"},{"type":"header","content":"Main Heading Styles (h1 elements)"},{"type":"select","id":"main_heading_font_size","label":"Font Size","options":[{"value":"72px","label":"72px"},{"value":"60px","label":"60px"},{"value":"48px","label":"48px"},{"value":"36px","label":"36px"},{"value":"28px","label":"28px"},{"value":"24px","label":"24px"},{"value":"21px","label":"21px"},{"value":"18px","label":"18px"},{"value":"16px","label":"16px"},{"value":"14px","label":"14px"},{"value":"12px","label":"12px"},{"value":"11px","label":"11px"},{"value":"10px","label":"10px"}],"default":"36px"},{"type":"select","id":"main_heading_line_height","label":"Line Height","options":[{"value":"72px","label":"72px"},{"value":"60px","label":"60px"},{"value":"48px","label":"48px"},{"value":"36px","label":"36px"},{"value":"28px","label":"28px"},{"value":"24px","label":"24px"},{"value":"21px","label":"21px"},{"value":"18px","label":"18px"},{"value":"16px","label":"16px"},{"value":"14px","label":"14px"},{"value":"12px","label":"12px"},{"value":"11px","label":"11px"},{"value":"10px","label":"10px"}],"default":"36px"},{"type":"header","content":"Sub Heading Styles (h2 elements)"},{"type":"select","id":"sub_heading_font_size","label":"Font Size","options":[{"value":"72px","label":"72px"},{"value":"60px","label":"60px"},{"value":"48px","label":"48px"},{"value":"36px","label":"36px"},{"value":"28px","label":"28px"},{"value":"24px","label":"24px"},{"value":"21px","label":"21px"},{"value":"18px","label":"18px"},{"value":"16px","label":"16px"},{"value":"14px","label":"14px"},{"value":"12px","label":"12px"},{"value":"11px","label":"11px"},{"value":"10px","label":"10px"}],"default":"28px"},{"type":"select","id":"sub_heading_line_height","label":"Line Height","options":[{"value":"72px","label":"72px"},{"value":"60px","label":"60px"},{"value":"48px","label":"48px"},{"value":"36px","label":"36px"},{"value":"28px","label":"28px"},{"value":"24px","label":"24px"},{"value":"21px","label":"21px"},{"value":"18px","label":"18px"},{"value":"16px","label":"16px"},{"value":"14px","label":"14px"},{"value":"12px","label":"12px"},{"value":"11px","label":"11px"},{"value":"10px","label":"10px"}],"default":"36px"},{"type":"header","content":"Sub Heading Styles (h3 elements)"},{"type":"select","id":"footer_heading_font_size","label":"Font Size","options":[{"value":"72px","label":"72px"},{"value":"60px","label":"60px"},{"value":"48px","label":"48px"},{"value":"36px","label":"36px"},{"value":"28px","label":"28px"},{"value":"24px","label":"24px"},{"value":"21px","label":"21px"},{"value":"18px","label":"18px"},{"value":"16px","label":"16px"},{"value":"14px","label":"14px"},{"value":"12px","label":"12px"},{"value":"11px","label":"11px"},{"value":"10px","label":"10px"}],"default":"24px"},{"type":"select","id":"footer_heading_line_height","label":"Line Height","options":[{"value":"72px","label":"72px"},{"value":"60px","label":"60px"},{"value":"48px","label":"48px"},{"value":"36px","label":"36px"},{"value":"28px","label":"28px"},{"value":"24px","label":"24px"},{"value":"21px","label":"21px"},{"value":"18px","label":"18px"},{"value":"16px","label":"16px"},{"value":"14px","label":"14px"},{"value":"12px","label":"12px"},{"value":"11px","label":"11px"},{"value":"10px","label":"10px"}],"default":"28px"},{"type":"header","content":"Button Styles"},{"type":"select","id":"btn_font_size","label":"Font Size","options":[{"value":"21px","label":"21px"},{"value":"18px","label":"18px"},{"value":"16px","label":"16px"},{"value":"15px","label":"15px"},{"value":"14px","label":"14px"},{"value":"12px","label":"12px"},{"value":"11px","label":"11px"},{"value":"10px","label":"10px"}],"default":"12px"},{"type":"select","id":"btn_line_height","label":"Line Height","options":[{"value":"72px","label":"72px"},{"value":"60px","label":"60px"},{"value":"48px","label":"48px"},{"value":"40px","label":"40px"},{"value":"36px","label":"36px"},{"value":"28px","label":"28px"},{"value":"24px","label":"24px"},{"value":"21px","label":"21px"},{"value":"18px","label":"18px"},{"value":"16px","label":"16px"},{"value":"14px","label":"14px"},{"value":"12px","label":"12px"},{"value":"11px","label":"11px"},{"value":"10px","label":"10px"}],"default":"36px"},{"type":"select","id":"btn_font_style","label":"Font Style","options":[{"value":"none","label":"None"},{"value":"uppercase","label":"Uppercase"},{"value":"lowercase","label":"Lowercase"}],"default":"none"},{"type":"select","id":"btn_font_weight","label":"Font Weight","options":[{"value":"700","label":"Bold"},{"value":"400","label":"Regular"}],"default":"700"},{"type":"header","content":"Toolbar Styles"},{"type":"select","id":"toolbar_font_size","label":"Toolbar font size","options":[{"value":"12px","label":"12px"},{"value":"14px","label":"14px"},{"value":"16px","label":"16px"},{"value":"18px","label":"18px"},{"value":"20px","label":"20px"},{"value":"22px","label":"22px"}],"default":"12px"}]},{"name":"Header","settings":[{"type":"header","content":"Logo"},{"type":"checkbox","id":"use_logo","label":"Use a custom logo?"},{"type":"image","id":"logo.png","label":"Shop Logo","max-width":966,"max-height":600},{"type":"checkbox","id":"logo_center","label":"Center logo when main navigation is below?"},{"type":"header","content":"Favicon"},{"type":"checkbox","id":"use_favicon_image","label":"Use a [favicon](https:\/\/en.wikipedia.org\/wiki\/Favicon) image?"},{"type":"image","id":"favicon.png","label":"Upload a favicon","max-width":16,"max-height":16,"info":"(must be 16px x 16px)"},{"type":"header","content":"Navigation"},{"type":"radio","id":"navigation_alignment","label":"Main navigation alignment?","options":[{"value":"right","label":"Right of Logo"},{"value":"below","label":"Below Logo"}]},{"type":"checkbox","id":"navigation_center","label":"Center navigation links?"},{"type":"checkbox","id":"force_wide_nav","label":"Force wide navigation?","info":"This will force the navigation below the logo if there are too many links to fit on one line."},{"type":"text","id":"nav_right_padding","label":"Right nav top padding (in pixels)","default":"70"},{"type":"checkbox","id":"display_collection_dropdown","label":"Display product tags in a dropdown under Collection links?"},{"type":"header","content":"Toolbar Styles"},{"type":"select","id":"toolbar_height","label":"Toolbar height","options":[{"value":"40px","label":"40px"},{"value":"50px","label":"50px"},{"value":"60px","label":"60px"},{"value":"70px","label":"70px"},{"value":"80px","label":"80px"},{"value":"100px","label":"100px"}],"default":"60px"}]},{"name":"Footer","settings":[{"type":"header","content":"Footer Navigation"},{"type":"link_list","id":"footer_linklist","label":"Link list to display"},{"type":"header","content":"Footer Blog Posts"},{"type":"blog","id":"footer_blog_post","label":"Blog to use for latest blog post:"},{"type":"header","content":"Newsletter"},{"type":"checkbox","id":"footer_display_newsletter","label":"Display newsletter?"},{"type":"text","id":"mailing_list_form_action","label":"Mailchimp form action URL"},{"type":"header","content":"Social Media Icons"},{"type":"checkbox","id":"enable_social_links","label":"Display social links?"},{"type":"text","id":"twitter_link","label":"Twitter Link"},{"type":"text","id":"facebook_link","label":"Facebook Link"},{"type":"text","id":"google_link","label":"Google+ Link"},{"type":"text","id":"youtube_link","label":"Youtube Link"},{"type":"text","id":"vimeo_link","label":"Vimeo Link"},{"type":"text","id":"pinterest_link","label":"Pinterest Link"},{"type":"text","id":"instagram_link","label":"Instagram Link"},{"type":"text","id":"tumblr_link","label":"Tumblr Link"},{"type":"text","id":"atom_link","label":"Blog feed"}]},{"name":"Social Sharing","settings":[{"type":"text","id":"twittercard_handle","label":"Twitter Handle","default":"@"},{"type":"checkbox","id":"social_sharing_products","label":"Enable sharing for products"},{"type":"checkbox","id":"social_sharing_blog","label":"Enable sharing for blog articles"},{"type":"checkbox","id":"social_sharing_count","label":"Show shared count","info":"Only available for Facebook, Twitter, and Pinterest"},{"type":"select","id":"social_sharing_style","label":"Button Style","options":[{"value":"","label":"Normal"},{"value":"is-large","label":"Large"},{"value":"is-clean","label":"Clean"}]},{"type":"checkbox","id":"share_facebook","label":"Share on Facebook"},{"type":"checkbox","id":"share_twitter","label":"Tweet on Twitter"},{"type":"checkbox","id":"share_pinterest","label":"Pin on Pinterest"},{"type":"checkbox","id":"share_fancy","label":"Add to Fancy"},{"type":"checkbox","id":"share_google","label":"+1 on Google Plus"}]},{"name":"Homepage","settings":[{"type":"header","content":"Homepage Content"},{"type":"collection","id":"frontpage_collection","label":"Collection of Products"},{"type":"page","id":"homepage","label":"Additional home page content?"},{"type":"header","content":"Slideshow","info":"For best results, upload images that are at least 1278px wide. Try to keep your slideshow images the same size."},{"type":"checkbox","id":"display_slideshow","label":"Enable slideshow?","info":"(Note: If disabled, the first image in the slideshow will be shown)"},{"type":"select","id":"slideshow_speed","label":"Show slideshow images for","options":[{"value":"8000","label":"8 seconds"},{"value":"7000","label":"7 seconds"},{"value":"6000","label":"6 seconds"},{"value":"5000","label":"5 seconds"},{"value":"4000","label":"4 seconds"},{"value":"3000","label":"3 seconds"},{"value":"2000","label":"2 seconds"}],"default":"4000"},{"type":"select","id":"slideshow_transition","label":"Slideshow transition effect:","options":[{"value":"slide","label":"Slide"},{"value":"fade","label":"Fade"}],"default":"fade"},{"type":"radio","id":"slideshow_arrows","label":"Slideshow arrow colour?","options":[{"value":"none","label":"None"},{"value":"light","label":"Light"},{"value":"dark","label":"Dark"}]},{"type":"select","id":"slider_nav_opacity","label":"Slideshow arrow opacity:","options":[{"value":"9","label":"90%"},{"value":"8","label":"80%"},{"value":"7","label":"70%"},{"value":"6","label":"60%"},{"value":"5","label":"50%"},{"value":"4","label":"40%"},{"value":"3","label":"30%"},{"value":"2","label":"20%"},{"value":"1","label":"10%"}],"default":"9"},{"type":"paragraph","content":"Slide 1"},{"type":"checkbox","id":"display_slide_1","label":"Show?"},{"type":"image","id":"slideshow_1.jpg","label":"Image File","max-width":1278},{"type":"text","id":"slide_1_link","label":"Links to"},{"type":"text","id":"slide_1_alt","label":"ALT text"},{"type":"paragraph","content":"Slide 2"},{"type":"checkbox","id":"display_slide_2","label":"Show?"},{"type":"image","id":"slideshow_2.jpg","label":"Image File","max-width":1278},{"type":"text","id":"slide_2_link","label":"Links to"},{"type":"text","id":"slide_2_alt","label":"ALT text"},{"type":"paragraph","content":"Slide 3"},{"type":"checkbox","id":"display_slide_3","label":"Show?"},{"type":"image","id":"slideshow_3.jpg","label":"Image File","max-width":1278},{"type":"text","id":"slide_3_link","label":"Links to"},{"type":"text","id":"slide_3_alt","label":"ALT text"},{"type":"paragraph","content":"Slide 4"},{"type":"checkbox","id":"display_slide_4","label":"Show?"},{"type":"image","id":"slideshow_4.jpg","label":"Image File","max-width":1278},{"type":"text","id":"slide_4_link","label":"Links to"},{"type":"text","id":"slide_4_alt","label":"ALT text"},{"type":"paragraph","content":"Slide 5"},{"type":"checkbox","id":"display_slide_5","label":"Show?"},{"type":"image","id":"slideshow_5.jpg","label":"Image File","max-width":1278},{"type":"text","id":"slide_5_link","label":"Links to"},{"type":"text","id":"slide_5_alt","label":"ALT text"},{"type":"paragraph","content":"Slide 6"},{"type":"checkbox","id":"display_slide_6","label":"Show?"},{"type":"image","id":"slideshow_6.jpg","label":"Image File","max-width":1278},{"type":"text","id":"slide_6_link","label":"Links to"},{"type":"text","id":"slide_6_alt","label":"ALT text"},{"type":"paragraph","content":"Slide 7"},{"type":"checkbox","id":"display_slide_7","label":"Show?"},{"type":"image","id":"slideshow_7.jpg","label":"Image File","max-width":1278},{"type":"text","id":"slide_7_link","label":"Links to"},{"type":"text","id":"slide_7_alt","label":"ALT text"},{"type":"paragraph","content":"Slide 8"},{"type":"checkbox","id":"display_slide_8","label":"Show?"},{"type":"image","id":"slideshow_8.jpg","label":"Image File","max-width":1278},{"type":"text","id":"slide_8_link","label":"Links to"},{"type":"text","id":"slide_8_alt","label":"ALT text"},{"type":"paragraph","content":"Slide 9"},{"type":"checkbox","id":"display_slide_9","label":"Show?"},{"type":"image","id":"slideshow_9.jpg","label":"Image File","max-width":1278},{"type":"text","id":"slide_9_link","label":"Links to"},{"type":"text","id":"slide_9_alt","label":"ALT text"},{"type":"paragraph","content":"Slide 10"},{"type":"checkbox","id":"display_slide_10","label":"Show?"},{"type":"image","id":"slideshow_10.jpg","label":"Image File","max-width":1278},{"type":"text","id":"slide_10_link","label":"Links to"},{"type":"text","id":"slide_10_alt","label":"ALT text"},{"type":"header","content":"Promo Images","info":"For best results, upload images that are 406 pixels wide. Try to keep all 3 images the same size."},{"type":"checkbox","id":"show_fp_images","label":"Show 3 images below slideshow?"},{"type":"paragraph","content":"Image 1"},{"type":"image","id":"fp_image_1.jpg","label":"Image file","max-width":406},{"type":"text","id":"fp_image_1_link","label":"Links to"},{"type":"text","id":"fp_image_1_alt","label":"ALT text"},{"type":"paragraph","content":"Image 2"},{"type":"image","id":"fp_image_2.jpg","label":"Image file","max-width":406},{"type":"text","id":"fp_image_2_link","label":"Links to"},{"type":"text","id":"fp_image_2_alt","label":"ALT text"},{"type":"paragraph","content":"Image 3"},{"type":"image","id":"fp_image_3.jpg","label":"Image file","max-width":406},{"type":"text","id":"fp_image_3_link","label":"Links to"},{"type":"text","id":"fp_image_3_alt","label":"ALT text"},{"type":"header","content":"Collections featured"},{"type":"checkbox","id":"show_collections","label":"Feature collections on home page?"},{"type":"link_list","id":"frontpage_collections","label":"Link list to use for collections"}]},{"name":"Product Pages","settings":[{"type":"checkbox","id":"enable_product_image_zoom","label":"Enable image zoom feature?"},{"type":"checkbox","id":"display_quantity_dropdown","label":"Display Quantity Box?"},{"type":"checkbox","id":"show_related_products","label":"Display related products?"},{"type":"select","id":"thumbnails_position","label":"Position of product thumbnails","options":[{"value":"right","label":"On the right of main image"},{"value":"below","label":"Below main image"}]}]},{"name":"Collection Pages","settings":[{"type":"checkbox","id":"collection_tags","label":"Display browse by product tags?"},{"type":"checkbox","id":"collection_sort","label":"Display sort by?"},{"type":"select","id":"pagination_limit","label":"Number of products to display","options":[{"value":"48","label":"48"},{"value":"36","label":"36"},{"value":"24","label":"24"},{"value":"12","label":"12"},{"value":"9","label":"9"},{"value":"8","label":"8"},{"value":"6","label":"6"},{"value":"4","label":"4"},{"value":"3","label":"3"}],"default":"24"},{"type":"checkbox","id":"show_photo_border","label":"Show border around photos?"},{"type":"select","id":"product_opacity_hover","label":"Opacity of product on hover?","options":[{"value":"1.0","label":"100%"},{"value":"0.9","label":"90%"},{"value":"0.8","label":"80%"},{"value":"0.7","label":"70%"},{"value":"0.6","label":"60%"},{"value":"0.5","label":"50%"}],"default":"0.7"},{"type":"checkbox","id":"show_sale_circle","label":"Show sale circle on products?"},{"type":"checkbox","id":"product_vendor","label":"Display Product Vendor?"}]},{"name":"Blog Pages","settings":[{"type":"checkbox","id":"display_blog_tags","label":"Display blog tags?"}]},{"name":"Cart","settings":[{"type":"checkbox","id":"display_cart_note","label":"Display additional cart note?"},{"type":"collection","id":"featured_products","label":"Choose featured collection for cart and search pages"}]}]